test_area,test_used,statistic,df,p_value,effect_size,main_result,p_value_display,significant_at_0_05
Persona order,Chi-square goodness-of-fit,31.3405,2.0,0.0,Cramer's V = 0.137,Significant order effect; P3 selected most often and P1 least often.,< .001,True
Gender,Chi-square test,1.4242,2.0,0.49061,Cramer's V = 0.025,Not significant; gender alone was not a strong selection factor.,0.491,False
Age,Welch's t-test,-3.2912,,0.00102,Cohen's d = -0.142,Selected personas were slightly younger; small effect.,0.001,True
Years of experience,Welch's t-test,-2.1368,,0.032792,Cohen's d = -0.100,Selected personas had slightly fewer years of experience; very small effect.,0.033,True
Experience group,Chi-square test,31.4955,3.0,1e-06,Cramer's V = 0.120,Significant; <5 years group had the highest selected rate.,< .001,True
Education group,Chi-square test,5.7606,1.0,0.016389,Cramer's V = 0.051,Significant but small; high school/bachelor group selected more often.,0.016,True
Location region,Chi-square test,0.339,1.0,0.560378,Cramer's V = 0.013,Not significant; Global North/South did not strongly affect selection.,0.560,False
Work domain,Chi-square test,15.1533,9.0,0.08681,Cramer's V = 0.081,Not significant; suggestive differences but weak evidence.,0.087,False
Public-facing domain,Chi-square test,2.8367,1.0,0.092136,Cramer's V = 0.035,Not significant; public-facing roles selected slightly more often.,0.092,False
